﻿Num;Frontal;Frontalgr;Adesivo;Adesivogr;Liner;Linergr;Fabricante;Especificacao;Larg;Compr;Fabr;Existe
240;Branco Fosco;63;Acrílico Permanente;23;Glassine Translúcido;83g/m² / 73?;Braga;Branco Fosco 6385 A 530;37;600;;
242;BOPP Branco Fosco;75,5?;Borracha Permanente;35;Glassine Translúcido;60g/m² / 53?;Fasson;BOPP Branco Fosco TC/DFAM430/SCK60 - F5RB2430;46;370;;
248;Thermal Transfer;71,5;Acrílico Permanente;23;Glassine Translúcido;60g/m² / 50?;Braga;Termotransfer 7560 A 530;32;500;16/02/2005;
383;Tyvek;55;Acrílico Permanente;20;Glassine Translúcido;60g/m² / 50?;Braga;Tyvek 105660 A 520;130;500;;
394;Couchê Duplo Uso;161;Borracha Permanente;19;Glassine Translúcido;60g/m²;Fasson;Couchê Semigloss Duplo Uso/S2045/60g - F5RB1967;30;250;;
3666;Couchê;80;Acrílico Removível;14;Glassine Translúcido;60g/m² / 52?;Colacril;Couchê 80gr / ADC170 / 60gr;111;460;04/12/2013;
